,商品名称,商品图片,商品价格,商品成交量,商品生产地,店铺名称
0,正版捷德奥特曼迪迦玩具赛罗套装全套组合软胶儿童男孩的生日礼物,https://g-search3.alicdn.com/img/bao/uploaded/i4/i1/2058279615/O1CN01uukpsA2KtivEAvBjs_!!0-item_pic.jpg_580x580Q90.jpg,59.00,4000+人付款,广东 广州,onefire万火旗舰店
1,奥特曼卡片阳焰版卡游正版六一儿童节纪念礼盒生日礼物满星卡牌包,https://g-search1.alicdn.com/img/bao/uploaded/i4/i2/3504463800/O1CN01d8V1nX1dwRjWucxlg_!!0-item_pic.jpg_580x580Q90.jpg,209.90,2000+人付款,江苏 无锡,酷品汇母婴专营店
2,babycare奥特曼玩具正版声光可动迪迦赛罗特利迦怪兽面具武器套装,https://g-search3.alicdn.com/img/bao/uploaded/i4/i2/2212330928055/O1CN01kUrtdW29NF4MXtob4_!!0-item_pic.jpg_580x580Q90.jpg,79.00,3000+人付款,上海,bctoys旗舰店
3,卡游 奥特曼卡片2二周年纪念版六一礼盒全套三周年XR金卡3DGP卡牌,https://g-search2.alicdn.com/img/bao/uploaded/i4/i4/1901504177/O1CN01owS92Y1gj77kwZ3sT_!!1901504177.jpg_580x580Q90.jpg,199.00,1000+人付款,广东 广州,浩特123
4,卡游奥特曼卡片豪华版第28弹经典30满星SP卡GP满星卡牌收藏大卡册,https://g-search3.alicdn.com/img/bao/uploaded/i4/i3/1030684261/O1CN01XYOUFP1hLaOatpcDl_!!0-item_pic.jpg_580x580Q90.jpg,29.90,2万+人付款,浙江 金华,卡游旗舰店
5,卡游奥特曼的卡片三周年纪念礼盒限量版黑钻版第二弹礼盒款阳焰版,https://g.alicdn.com/s.gif,218.00,1000+人付款,江苏 苏州,仕特玩具专营店
6,卡游 奥特曼卡片三周年纪念大礼盒版3特利迦XR卡全套卡牌3D收藏册,https://g.alicdn.com/s.gif,190.00,3000+人付款,江苏 无锡,倩倩小淘577
7,奥特曼卡片黑钻版礼盒第二弹一整盒WCR卡特利迦满星卡牌卡包盲盒,https://g.alicdn.com/s.gif,99.90,3000+人付款,江苏 徐州,佳鸣玩具专营
8,卡游现货阳炎61六一节日礼盒阳焰版B款A稀有TZR卡红GP奥特曼卡片,https://g.alicdn.com/s.gif,259.00,800+人付款,广东 广州,乐淘淘童乐玩具店
9,豪华版奥特曼卡片收集册手册相册卡册收藏册大本大号九宫格收纳书,https://g.alicdn.com/s.gif,69.90,3000+人付款,浙江 杭州,知叶玩具专营店
10,卡游奥特曼卡片卡册全套奥特卡牌玩具卡包批发黑钻正版收集收藏册,https://g.alicdn.com/s.gif,19.90,5万+人付款,江苏 徐州,佳鸣玩具专营
11,奥特曼卡片收集册全套3d立体卡牌卡册金卡收藏册星云版荣耀版玩具,https://g.alicdn.com/s.gif,19.90,2万+人付款,江苏 盐城,赵玉全母婴专营店
12,正版奥特曼卡片黑钻版泽塔XR卡3D电视卡全套满星金卡牌玩具卡游GP,https://g.alicdn.com/s.gif,89.90,2000+人付款,江苏 盐城,艺桥母婴专营店
13,正版奥特曼卡片黑钻版泽塔XR卡3D电视卡全套盲盒卡牌玩具卡游GP,https://g.alicdn.com/s.gif,89.90,4000+人付款,江苏 盐城,赵玉全母婴专营店
14,正版迪迦赛罗特利迦奥特曼玩具全套装软胶手办公仔男孩儿童礼物,https://g.alicdn.com/s.gif,139.00,4000+人付款,广东 广州,灵动创想旗舰店
15,六一儿童节儿童奥特曼的玩具生日礼物男童套装组合全套礼盒男孩全,https://g.alicdn.com/s.gif,49.11,5000+人付款,广东 汕头,wusuowei989362
16,奥特曼男孩的玩具赛文泰罗迪迦超大号可动发光儿童书包生日礼物,https://g.alicdn.com/s.gif,128.00,2000+人付款,湖南 长沙,米佳旗舰店
17,正版奥特曼玩具超大号软胶人偶特利迦泽塔捷德赛罗迪迦泰男孩手办,https://g.alicdn.com/s.gif,49.00,4000+人付款,广东 广州,灵动创想旗舰店
18,奥特曼衣服男童夏季服装男孩六一儿童节演出服赛罗幼儿园cos儿童,https://g.alicdn.com/s.gif,98.00,1000+人付款,广东 佛山,简约de简单
19,卡游 奥特曼卡片荣耀版第15弹十五ZR卡满星SHR卡包卡牌卡册收藏册,https://g.alicdn.com/s.gif,49.90,4000+人付款,浙江 金华,卡游旗舰店
20,迪迦奥特曼头套头盔面具成人衣服迪迦发光cos男童服连体紧身衣男,https://g.alicdn.com/s.gif,75.00,2000+人付款,浙江 宁波,tb83414176
21,灵动创想超大号特利迦奥特曼可动发声发光儿童男孩大号人偶玩具,https://g.alicdn.com/s.gif,319.00,900+人付款,浙江 杭州,知叶玩具专营店
22,奥特曼卡片黑钻版第二弹一元黑钻包正版卡游一盒XR卡GP满星牌全套,https://g.alicdn.com/s.gif,59.90,4000+人付款,广东 深圳,红东星168
23,银河赛罗的奥特曼服装男孩女童连体衣迪迦男童衣服欧布儿童真人版,https://g.alicdn.com/s.gif,56.00,3000+人付款,江苏 南京,海哥13135616361
24,正版万代奥特曼特利迦变身器DX胜利神光棒玩具圆环之臂秘钥武器,https://g.alicdn.com/s.gif,219.00,1000+人付款,北京,五洲优品母婴专营店
25,奥特曼服装衣服cos迪迦男孩大人版男童赛罗成人六一儿童节演出服,https://g.alicdn.com/s.gif,83.00,1000+人付款,广东 广州,xq292779462
26,奥特曼初代怪兽玩具车越野超大号模型宝宝儿童男孩套装六一节礼物,https://g.alicdn.com/s.gif,89.00,2000+人付款,广东 汕头,千淘猫母婴专营店
27,奥特曼卡片收集册大号卡册大容量手册本正版装卡牌书九宫格收藏册,https://g.alicdn.com/s.gif,59.90,2000+人付款,江苏 无锡,酷品汇母婴专营店
28,六一儿童节礼物男孩新款奥特曼玩具豪华可动人偶礼盒套装手办男童,https://g.alicdn.com/s.gif,34.80,4000+人付款,广东 汕头,开门送东西的
29,Q版奥特曼公仔摆件 泰赛罗迪迦戴拿银河欧布手办模型儿童玩具礼盒,https://g.alicdn.com/s.gif,68.00,500+人付款,北京,威游旗舰店
30,卡游奥特曼卡片黑钻版第二弹一盒满星XR卡牌GP收藏册卡砖铁盒玩具,https://g.alicdn.com/s.gif,48.00,3000+人付款,江苏 无锡,倩倩小淘577
31,SHF黄金赛罗奥特曼玩具终极闪耀形态儿童关节可动人偶手办模型,https://g.alicdn.com/s.gif,59.90,2000+人付款,广东 广州,袁小媚666
32,奥特曼男孩儿童玩具迪迦正版手办玩偶赛罗全套组合套装软胶人偶的,https://g.alicdn.com/s.gif,129.00,200+人付款,广东 广州,onefire万火旗舰店
33,灵动创想迪迦奥特曼机甲合体变形机器人泰迦玩具奥特赛罗机车套装,https://g.alicdn.com/s.gif,69.00,3000+人付款,江苏 盐城,通德玩具专营店
34,万代奥特曼玩具正版特利迦变身器DX胜利神光棒火花武器秘钥礼物男,https://g.alicdn.com/s.gif,219.00,1000+人付款,湖南 长沙,凡尘宝玩具专营店
35,灵动创想特利迦奥特曼豪华大号超大儿童声光可动人偶男孩套装玩具,https://g.alicdn.com/s.gif,300.00,700+人付款,江苏 盐城,通德玩具专营店
36,大超人六一儿童节礼物奥特曼的玩具大号超大男孩2022赛罗正版儿童,https://g.alicdn.com/s.gif,49.90,2000+人付款,广东 汕头,wusuowei989362
37,卡游奥特曼卡片卡册全套奥特卡牌玩具卡包批发黑钻正版收集收藏册,https://g.alicdn.com/s.gif,19.90,8000+人付款,浙江 杭州,天天特卖工厂店
38,咸蛋超人泰罗奥特曼正版遥控车怪兽公仔儿童生日礼物汽车玩具男孩,https://g.alicdn.com/s.gif,108.00,1000+人付款,福建 漳州,浩谦玩具专营店
39,豪华版第28弹一整盒奥特曼卡片包卡游满星卡正版的卡牌盲盒盲袋藏,https://g.alicdn.com/s.gif,59.90,3000+人付款,江苏 无锡,卡动乐玩具专营店
40,阳炎版奥特曼卡片阳焰版a单买卡游泽塔XR卡GP满星卡牌全套便宜b款,https://g.alicdn.com/s.gif,65.00,1000+人付款,广东 深圳,红东星168
41,卡游奥特曼卡片收集册卡册全套豪华版满星卡牌玩具黑钻卡包收藏册,https://g.alicdn.com/s.gif,19.90,5000+人付款,山东 青岛,趣妙多母婴专营店
42,儿童大号7生日礼物6-8岁男孩超人奥特曼可变形魔方的公仔正版玩具,https://g.alicdn.com/s.gif,49.00,3000+人付款,广东 汕头,益米母婴旗舰店
43,大号软胶奥特曼玩具迪迦赛罗银河变形欧布超人怪兽全套组合套装,https://g.alicdn.com/s.gif,89.00,1000+人付款,广东 广州,tb237544609
44,正品奥特曼衣服男童夏季立体短袖T恤赛罗迪迦泽塔套装儿童服装酷,https://g.alicdn.com/s.gif,169.00,900+人付款,广东 深圳,grantgli
45,奥特曼衣服男孩儿童套装夏季短袖超人服装赛罗泽塔布鲁罗索儿童节,https://g-search3.alicdn.com/img/bao/uploaded/i4/i3/601899164/O1CN01CpFbhv2HZAInof1Lj_!!601899164.jpg_580x580Q90.jpg_.webp,169.00,800+人付款,广东 河源,duzou314
46,卡游奥特曼卡片第15弹荣耀版十五弹1盒整盒18包10元包ZR满星卡牌,https://g-search1.alicdn.com/img/bao/uploaded/i4/i1/2913135804/O1CN01kSGuPm1skHVmvtl22_!!2913135804.jpg_580x580Q90.jpg_.webp,105.00,1000+人付款,广东 广州,淘淘乐玩具专店
47,奥特曼卡片一盒收藏册儿童弹经典版满星卡牌全套豪华收集卡册盲盒,https://g-search3.alicdn.com/img/bao/uploaded/i4/i4/2203465329839/O1CN01faChmw2MYJeOW2Qig_!!0-item_pic.jpg_580x580Q90.jpg_.webp,19.90,7000+人付款,浙江 金华,奕雨邻母婴专营店
48,特利迦奥特曼变身器卡片神光棒闪耀之刃圆环之臂儿童玩具密钥人偶,https://g-search1.alicdn.com/img/bao/uploaded/i4/i1/841776945/O1CN01JCodfp21ArR7FVFGw_!!841776945.jpg_580x580Q90.jpg_.webp,24.80,3000+人付款,广东 潮州,tb_9563782
49,儿童奥特曼玩具超大号泰罗赛文初代变形超人男孩正版组合套装模型,https://g-search2.alicdn.com/img/bao/uploaded/i4/i1/2211569629559/O1CN013UEpWi2KU4i0RZKNW_!!0-item_pic.jpg_580x580Q90.jpg_.webp,49.00,2000+人付款,广东 汕头,倍正旗舰店
50,正版奥特曼卡片二2两周年纪念礼盒版XR独战GP红金卡满星sρ三周年,https://g-search1.alicdn.com/img/bao/uploaded/i4/i4/860930169/O1CN01DTIH871D7Rg5z6jRp_!!860930169.jpg_580x580Q90.jpg_.webp,179.90,800+人付款,广东 广州,tb5272165_2012
51,正版 万代特利迦奥特曼多关节可动人偶强力空中复合形态模型玩具,https://g-search3.alicdn.com/img/bao/uploaded/i4/i3/2944664768/O1CN0166tcfM1l5n8trNZDJ_!!0-item_pic.jpg_580x580Q90.jpg_.webp,108.00,62人付款,北京,威游旗舰店
52,SHF光辉赛罗奥特曼闪耀形态儿童男孩关节可动玩具人偶手办模型礼,https://g-search2.alicdn.com/img/bao/uploaded/i4/i4/1102138592/O1CN01PZb1pc2DLBkZWtUF7_!!1102138592.jpg_580x580Q90.jpg_.webp,55.00,1000+人付款,广东 广州,顾文婕520
53,正版卡游奥特曼卡片阳焰版XR满星卡牌收藏卡册六一儿童节礼物礼盒,https://g-search3.alicdn.com/img/bao/uploaded/i4/i1/2200797907649/O1CN01eZtlcm26NICG2rx81_!!0-item_pic.jpg_580x580Q90.jpg_.webp,199.90,4000+人付款,江苏 盐城,艺桥母婴专营店
54,卡游 奥特曼卡片三周年纪念礼盒正版3特利迦XR卡牌全套3D收藏卡册,https://g-search3.alicdn.com/img/bao/uploaded/i4/i3/1030684261/O1CN01N0PuDJ1hLaOavXUFp_!!0-item_pic.jpg_580x580Q90.jpg_.webp,358.00,3000+人付款,浙江 金华,卡游旗舰店
55,正版卡游奥特曼卡片卡册全套奥特卡牌收集册收藏册卡包卡套玩具,https://g-search2.alicdn.com/img/bao/uploaded/i4/i3/916148540/O1CN016LKJRp2CxN9s3ZEQt_!!0-item_pic.jpg_580x580Q90.jpg_.webp,19.90,1万+人付款,浙江 杭州,知叶玩具专营店
56,正版卡游奥特曼卡片荣耀版第15弹一整盒奥特卡牌SHR10元包全套,https://g-search3.alicdn.com/img/bao/uploaded/i4/i2/916148540/O1CN01Ti4Ulf2CxN9K5QPHl_!!0-item_pic.jpg_580x580Q90.jpg_.webp,179.90,1000+人付款,浙江 杭州,知叶玩具专营店
57,正版卡游奥特曼卡片2022新年限定版六一儿童限量春节礼盒全套卡牌,https://g.alicdn.com/s.gif,964.90,200+人付款,江苏 徐州,佳鸣玩具专营
58,灵动创想正版大号迪迦奥特曼玩具软胶指尖家庭扭蛋机公仔英雄盲盒,https://g.alicdn.com/s.gif,99.00,900+人付款,广东 广州,灵动创想旗舰店
59,六一奥特曼衣服男童夏季t恤服装儿童短袖套装赛罗泽塔迪迦奥特曼,https://g.alicdn.com/s.gif,174.00,1000+人付款,江苏 盐城,通德玩具专营店
60,赛罗特利迦奥特曼玩具迪迦奥特曼泽塔捷德欧布男孩声光可动人偶,https://g.alicdn.com/s.gif,79.00,2000+人付款,江苏 盐城,通德玩具专营店
61,卡游 奥特曼的卡片阳焰版礼盒泽塔XR满星GP卡正版LGR卡牌收藏卡册,https://g.alicdn.com/s.gif,238.00,1000+人付款,浙江 金华,卡游旗舰店
62,奥特曼武器玩具欧布圣剑特利迦赛罗发声光儿童宝剑男孩迪迦变身器,https://g.alicdn.com/s.gif,69.00,2000+人付款,广东 广州,灵动创想旗舰店
63,奥特曼平板电脑点读机早教机男孩生日六一节礼物卡片迪迦儿童玩具,https://g.alicdn.com/s.gif,199.00,700+人付款,江苏 盐城,赵玉全母婴专营店
64,奥特曼纪念币宇宙英雄55周年荣耀勋章礼盒版金属奖牌儿童玩具礼物,https://g.alicdn.com/s.gif,59.00,3000+人付款,浙江 金华,卡漫趣旗舰店
65,超大号泰罗奥特曼玩具正版儿童男孩超人特大手办人偶套装生日礼物,https://g.alicdn.com/s.gif,128.00,1000+人付款,浙江 温州,酷爱玩具专营店
66,奥特曼卡片三3周年纪念版礼盒特利迦XR卡包sp卡豪华生日礼物卡牌,https://g.alicdn.com/s.gif,238.00,600+人付款,广东 广州,依思贝杰
67,特大号泰罗奥特曼玩具男孩模型公仔超人变形手办套装儿童生日礼物,https://g.alicdn.com/s.gif,128.00,900+人付款,广东 汕头,智宸祺玩具专营店
68,迪迦赛罗泽塔欧布奥特曼盲盒公仔摆件变身器可动人偶模型男孩玩具,https://g.alicdn.com/s.gif,68.00,58人付款,北京,威游旗舰店
69,奥特曼幼儿园书包男童迪迦1-3-6周岁赛罗儿童小班发光超人双肩包,https://g.alicdn.com/s.gif,128.00,900+人付款,广东 广州,威欣娅
70,模玩熊 万代 SHF 真骨雕迪迦奥特曼强力型力量形态 光之巨人 现货,https://g.alicdn.com/s.gif,558.00,800+人付款,福建 福州,恨_惆怅
71,儿童泽塔奥特曼服装夏天捷德迪迦赛罗衣服套装男孩衣服万圣节短袖,https://g.alicdn.com/s.gif,98.00,1000+人付款,广东 汕头,笨木头2012
72,奥特曼儿童书包男幼儿园小学生一年级二赛罗男童男孩背包男生超人,https://g.alicdn.com/s.gif,98.00,1000+人付款,广东 东莞,连洋母婴专营店
73,卡游奥特曼荣耀勋章55周年纪念版稀有SP卡赛罗纪念币徽章盲盒全套,https://g.alicdn.com/s.gif,35.00,2000+人付款,江苏 无锡,倩倩小淘577
74,卡游现货阳炎阳焰版B款A款稀有TZR卡TNR/XR红GP奥特曼卡片ab礼盒,https://g.alicdn.com/s.gif,148.00,800+人付款,广东 广州,童乐880
75,泰罗奥特曼儿童书包幼儿园书包一年级2-3-6岁男童书包儿童背包,https://g.alicdn.com/s.gif,136.00,900+人付款,广东 广州,中国湘d
76,卡游奥特曼卡片荣耀版1盒144张概率3D卡ZR满星卡牌满星儿童节礼物,https://g-search2.alicdn.com/img/bao/uploaded/i4/i1/6000000004450/O1CN01N12DVP1ik9Ffwo6B8_!!6000000004450-0-picassoopen.jpg_580x580Q90.jpg_.webp,179.90,400+人付款,上海,天猫超市
77,特利迦奥特曼变身器黑暗迪迦胜利神光棒秘钥玩具六一生日礼物礼盒,https://g-search1.alicdn.com/img/bao/uploaded/i4/i3/2987960321/O1CN01SjJusZ1EF3tNCnZn9_!!2987960321.jpg_580x580Q90.jpg_.webp,102.90,1000+人付款,广东 汕头,小泥巴母婴
78,灵动创想正版大号迪迦奥特曼玩具软胶指尖家庭扭蛋机英雄儿童礼物,https://g-search3.alicdn.com/img/bao/uploaded/i4/i3/6000000004826/O1CN01Vwa2Q81lWMAbbxFSI_!!6000000004826-0-picassoopen.jpg_580x580Q90.jpg_.webp,498.00,300+人付款,上海,天猫超市
79,万代奥特经典梦比优斯奥特曼护腕变身器希卡利骑士护腕高斯套装,https://g-search2.alicdn.com/img/bao/uploaded/i4/i4/4215684734/O1CN01mAeOjw1kqDjXedF24_!!0-item_pic.jpg_580x580Q90.jpg_.webp,119.00,800+人付款,浙江 杭州,诚挚童趣梦工厂
80,奥特曼玩具电子手表儿童卡通手表投影仪蜘蛛侠男女孩幼儿园发光表,https://g-search3.alicdn.com/img/bao/uploaded/i4/i2/2258727214/O1CN01wOebng23A3vgVP8ZE_!!2258727214.jpg_580x580Q90.jpg_.webp,11.50,6000+人付款,广东 汕头,stylecindy
81,正版奥特曼卡片2022新年限定礼盒装XR令迦SP55周年纪念版虎年卡游,https://g-search2.alicdn.com/img/bao/uploaded/i4/i3/732283339/O1CN01kzi1IA1aXJDFCOABx_!!0-item_pic.jpg_580x580Q90.jpg_.webp,680.00,200+人付款,江苏 盐城,赤宝母婴专营店
82,夏季儿童迪迦赛罗欧布奥特曼衣服短袖t恤男童套装COS表演服面具薄,https://g-search1.alicdn.com/img/bao/uploaded/i4/i2/2610574329/O1CN01dVzZ8C1hqjGOf5U3O_!!2610574329.png_580x580Q90.jpg_.webp,45.00,2000+人付款,广东 广州,甘蔗店铺
83,正版迪迦奥特曼玩具儿童男童手办软胶玩偶泽塔捷德小男孩生日礼物,https://g-search3.alicdn.com/img/bao/uploaded/i4/i1/3242164590/O1CN019rYKmX1jmGgs4fg2O_!!0-item_pic.jpg_580x580Q90.jpg_.webp,59.00,800+人付款,广东 广州,kufire旗舰店
84,万代超可动系列特利迦奥特曼关节可动黑暗闪耀复合空中型人偶玩具,https://g-search2.alicdn.com/img/bao/uploaded/i4/i3/2114218378/O1CN01YteCxR2BlAyy6Qeq4_!!2114218378.jpg_580x580Q90.jpg_.webp,85.00,1000+人付款,浙江 金华,落105214
85,奥特曼卡册收藏册硬面烫金豪华版大容量德尔塔天爪九宫格收集册子,https://g-search3.alicdn.com/img/bao/uploaded/i4/i4/2213228840719/O1CN015hyFEA1HBLVuBZSlM_!!2213228840719.jpg_580x580Q90.jpg_.webp,14.80,3000+人付款,广东 广州,tb282519196
86,儿童六一节钢铁飞龙奥特曼玩具男孩生日礼物魔方男童4大号6岁以上,https://g-search3.alicdn.com/img/bao/uploaded/i4/i4/2200775569164/O1CN013GuPvo2HZAHqKHvNR_!!0-item_pic.jpg_580x580Q90.jpg_.webp,48.00,2000+人付款,广东 汕头,艺晟玩具专营店
87,【豪华礼盒】正版奥特曼玩具软胶人偶公仔套装男孩儿童生日礼物,https://g-search1.alicdn.com/img/bao/uploaded/i4/i1/3243693492/O1CN01PJElBx1bfNmq7UyX0_!!0-item_pic.jpg_580x580Q90.jpg_.webp,139.00,700+人付款,江苏 无锡,卡动乐玩具专营店
88,正版奥特曼玩具模型手办关节超可动人偶变形超人赛文套装男孩机动,https://g-search1.alicdn.com/img/bao/uploaded/i4/i3/2944664768/O1CN01XyHLNp1l5n6sHbPtv_!!0-item_pic.jpg_580x580Q90.jpg_.webp,58.00,23人付款,北京,威游旗舰店
89,儿童节奥特曼衣服男童赛罗迪加捷德衣服连体套装服装迪迦真人版,https://g-search2.alicdn.com/img/bao/uploaded/i4/i2/4278736159/O1CN010vcq3L1vMs84OWslV_!!4278736159.jpg_580x580Q90.jpg_.webp,45.00,2000+人付款,广东 广州,tb2018131415
90,日版 万代 SHF 真骨雕 奥特曼迪迦 强力型 力量型态 补款,https://g-search3.alicdn.com/img/bao/uploaded/i4/i3/2200623874141/O1CN01YaXK7w1gScrofgxyw_!!2200623874141.jpg_580x580Q90.jpg_.webp,560.00,1000+人付款,广东 广州,英格伦正品
91,正版SHF特利迦奥特曼复合型儿童男孩超可动玩具人偶手办礼物模型,https://g-search3.alicdn.com/img/bao/uploaded/i4/i4/2211603903919/O1CN010RJl8K1eowwRUUQT4_!!2211603903919.jpg_580x580Q90.jpg_.webp,49.90,2000+人付款,广东 广州,tb097853026
92,正版卡游奥特曼荣耀勋章55周年纪念版徽章全套盲盒玩具SP卡片,https://g-search1.alicdn.com/img/bao/uploaded/i4/i4/693003403/O1CN01quE1dc1b0cYSF0Z6d_!!0-item_pic.jpg_580x580Q90.jpg_.webp,59.00,1000+人付款,江苏 盐城,赵玉全母婴专营店
93,正版奥特曼玩具大号迪迦扭蛋机盲盒指尖英雄盲盒公仔手办全套男孩,https://g-search3.alicdn.com/img/bao/uploaded/i4/i4/4285614594/O1CN01hpPWJP1jo6GyIHqML_!!4285614594.jpg_580x580Q90.jpg_.webp,109.00,800+人付款,广东 广州,新智星母婴专店
94,奥特曼卡片豪华版收藏册金卡全套超厚正版十星卡牌收集相册大卡册,https://g-search3.alicdn.com/img/bao/uploaded/i4/i1/655663048/O1CN01T8z7pa1YO1t4tSChG_!!655663048.png_580x580Q90.jpg_.webp,49.90,2000+人付款,广东 广州,olivia_2046
95,卡游奥特曼六一61节日礼盒限定二三3周年纪念版礼盒XR全套GP卡牌2,https://g-search1.alicdn.com/img/bao/uploaded/i4/i4/2209575466366/O1CN01Xq9T5d1wtg77fvLdP_!!2209575466366.jpg_580x580Q90.jpg_.webp,139.00,300+人付款,浙江 杭州,小玲玩具经营部
96,星云版第四弹奥特曼卡片卡游正版赛罗OR豪华卡包卡牌电视卡3d盲袋,https://g-search3.alicdn.com/img/bao/uploaded/i4/i4/3504463800/O1CN01yiJvZ91dwRoFxsXQP_!!0-item_pic.jpg_580x580Q90.jpg_.webp,49.90,2000+人付款,江苏 无锡,酷品汇母婴专营店
97,正版卡游奥特曼卡片豪华版第28弹经典版整盒卡册一盒全套儿童玩具,https://g-search3.alicdn.com/img/bao/uploaded/i4/i4/1795510895/O1CN01i9lFB41ITxEhvFDGa_!!0-item_pic.jpg_580x580Q90.jpg_.webp,19.90,5000+人付款,湖南 长沙,趣童母婴专营店
98,赛罗迪迦奥特曼服装大人成人儿童男孩男童爸爸cos衣服表演服抖音,https://g-search3.alicdn.com/img/bao/uploaded/i4/i3/2053272281/O1CN011mrkd71Sik9v5zKLm_!!2053272281.jpg_580x580Q90.jpg_.webp,143.00,700+人付款,广东 广州,快乐e尚美
99,灵动创想LDCX755正版迪迦奥特曼玩具男孩生日礼物软胶可动人偶,https://g-search1.alicdn.com/img/bao/uploaded/i4/i1/1049937577/O1CN01qjnZgT25qJhA0o39d_!!0-item_pic.jpg_580x580Q90.jpg_.webp,139.00,200+人付款,广东 广州,苏宁易购官方旗舰店
100,正版奥特曼卡片满星金卡三3周年纪念礼盒XR全套阳焰版a收集册卡牌,https://g-search3.alicdn.com/img/bao/uploaded/i4/i2/860930169/O1CN01epMZgk1D7RgjqN9mo_!!860930169.jpg_580x580Q90.jpg_.webp,179.90,500+人付款,广东 广州,tb5272165_2012
101,万代奥特生命手环黑色迪迦特利迦奥特曼套装玩具VBM兄弟儿童手表,https://g-search3.alicdn.com/img/bao/uploaded/i4/i2/702948308/O1CN017o4QnC2BF7H8PsXPL_!!0-item_pic.jpg_580x580Q90.jpg_.webp,59.00,400+人付款,北京,嘉硕韦邦母婴专营店
102,情人节 抖音正版授权New Idea Studio 迪迦磁悬浮奥特曼 手办包邮,https://g-search3.alicdn.com/img/bao/uploaded/i4/i3/755725707/O1CN01aD1OQ41s1r1tmWvxU_!!755725707.jpg_580x580Q90.jpg_.webp,899.00,100+人付款,北京,aisha0717
103,超大奥特曼的玩具特利迦人偶正版罗索赛罗大号泰迦男孩大礼物儿童,https://g-search3.alicdn.com/img/bao/uploaded/i4/i3/2403888568/O1CN01nb612u2DACEe1bbHr_!!0-item_pic.jpg_580x580Q90.jpg_.webp,129.00,500+人付款,江苏 徐州,佳鸣玩具专营
104,奥特曼生日礼物特利迦变身器全套软胶人偶玩具男孩3-6岁怪兽礼盒,https://g-search3.alicdn.com/img/bao/uploaded/i4/i2/816309523/O1CN01djAVgZ2KDaSw6LPHy_!!816309523.jpg_580x580Q90.jpg_.webp,109.00,1000+人付款,广东 汕头,c伟松
105,灵动创想大号奥特曼家庭扭蛋机指尖英雄公仔盲盒儿童玩具新年礼物,https://g-search2.alicdn.com/img/bao/uploaded/i4/i2/6000000005042/O1CN01QmIFvU1n7Hj3ReRsi_!!6000000005042-0-picassoopen.jpg_580x580Q90.jpg_.webp,498.00,200+人付款,上海,天猫超市
106,卡游奥特曼卡片黑钻版正版第二弹金卡3D全套盲盒卡包奥特卡牌玩具,https://g-search3.alicdn.com/img/bao/uploaded/i4/i2/916148540/O1CN01SVvh732CxN9z0nej5_!!0-item_pic.jpg_580x580Q90.jpg_.webp,99.90,2000+人付款,浙江 杭州,知叶玩具专营店
107,卡游奥特曼卡片三周年纪念礼盒XR卡SP卡3D收集册GP卡牌儿童节礼物,https://g-search2.alicdn.com/img/bao/uploaded/i4/i2/6000000003966/O1CN01pmebkY1fATYbeBLrN_!!6000000003966-0-picassoopen.jpg_580x580Q90.jpg_.webp,358.00,300+人付款,上海,天猫超市
108,奥特曼正版超大特利迦男孩玩具怪兽泰迦赛罗特大号玩偶儿童节礼物,https://g-search3.alicdn.com/img/bao/uploaded/i4/i2/1049937577/O1CN01I6RVjV25qJkHHNyiK_!!0-item_pic.jpg_580x580Q90.jpg_.webp,189.00,800+人付款,广东 广州,灵动创想旗舰店
109,卡游奥特曼的卡片黑钻版礼盒XR卡GP泽塔满星金卡全套卡牌收藏卡册,https://g-search3.alicdn.com/img/bao/uploaded/i4/i2/1030684261/O1CN01NdrjL71hLaOPTpZnE_!!0-item_pic.jpg_580x580Q90.jpg_.webp,99.90,2000+人付款,浙江 金华,卡游旗舰店
110,正版卡游奥特曼卡片阳焰版三周年纪念卡牌盒61六一儿童节限定礼盒,https://g-search2.alicdn.com/img/bao/uploaded/i4/i1/2403888568/O1CN01LOb9GS2DACAasbin7_!!0-item_pic.jpg_580x580Q90.jpg_.webp,209.90,800+人付款,江苏 徐州,佳鸣玩具专营
111,卡游 奥特曼的卡片收藏册豪华版第7弹大卡册PR卡正版满星卡牌卡册,https://g-search2.alicdn.com/img/bao/uploaded/i4/i4/1030684261/O1CN01BjPOfo1hLaOPUf8Ui_!!0-item_pic.jpg_580x580Q90.jpg_.webp,19.90,3000+人付款,浙江 金华,卡游旗舰店
112,正版奥特曼玩具礼盒装迪迦软胶人偶捷德可动欧布赛罗套装儿童男孩,https://g-search3.alicdn.com/img/bao/uploaded/i4/i3/693003403/O1CN01S7YrsS1b0cXG19cwC_!!0-item_pic.jpg_580x580Q90.jpg_.webp,139.00,600+人付款,江苏 盐城,赵玉全母婴专营店
113,正版 万代500系列软胶奥特曼迪迦赛罗索欧布高斯贝利亚艾克斯玩具,https://g-search2.alicdn.com/img/bao/uploaded/i4/i4/2944664768/O1CN010kztSQ1l5n8H4Bma3_!!0-item_pic.jpg_580x580Q90.jpg_.webp,32.00,5人付款,北京,威游旗舰店
114,正版 万代特利迦奥特曼软胶500系列可动人偶迪迦卡露密拉怪兽玩具,https://g-search2.alicdn.com/img/bao/uploaded/i4/i3/2944664768/O1CN01NRHrcj1l5n8zKKKj7_!!0-item_pic.jpg_580x580Q90.jpg_.webp,35.00,10人付款,北京,威游旗舰店
115,超大号一米跨越奥特曼超人的玩具儿童机器人充电遥控故事迪迦赛罗,https://g-search1.alicdn.com/img/bao/uploaded/i4/i1/2380034646/O1CN013Msito1kBurqFHAPH_!!2380034646.jpg_580x580Q90.jpg_.webp,86.00,600+人付款,广东 汕头,difdhjjdcklcf
116,万代魂限定SHF泽塔奥特曼德尔塔天爪 贝利亚黄昏最终形态可动手办,https://g-search2.alicdn.com/img/bao/uploaded/i4/i4/2776095295/O1CN01yZrAhU1oz9u9VXKeo_!!2776095295.jpg_580x580Q90.jpg_.webp,468.00,200+人付款,广东 深圳,美雅全球购
117,日版 万代 魂限定 SHF 赛罗奥特曼 终极闪耀形态 帕拉吉之盾,https://g-search1.alicdn.com/img/bao/uploaded/i4/i4/2200623874141/O1CN01JeMrCO1gScq8jnsrh_!!2200623874141.jpg_580x580Q90.jpg_.webp,708.00,200+人付款,广东 广州,英格伦正品
118,卡游奥特曼卡片黑钻版1盒46张红黄2款包装随机满星卡砖儿童节礼物,https://g-search2.alicdn.com/img/bao/uploaded/i4/i2/6000000002573/O1CN01F7Cmrc1UsTq1OuOQs_!!6000000002573-0-picassoopen.jpg_580x580Q90.jpg_.webp,99.90,700+人付款,上海,天猫超市
119,卡游奥特曼卡片满星卡豪华版第28弹卡册卡包卡牌玩具正版收集藏册,https://g-search3.alicdn.com/img/bao/uploaded/i4/i2/2203465329839/O1CN0129Jkuf2MYJeOFiyNE_!!0-item_pic.jpg_580x580Q90.jpg_.webp,19.90,4000+人付款,浙江 金华,奕雨邻母婴专营店
120,卡游正版奥特曼卡片全套奇迹版卡牌卡王包盒豪华收集收藏卡册玩具,https://g-search3.alicdn.com/img/bao/uploaded/i4/i4/2269296200/O1CN01QBDQPb1vfeMVGQM4K_!!0-item_pic.jpg_580x580Q90.jpg_.webp,29.90,3000+人付款,江苏 盐城,通德玩具专营店
121,正版奥特曼卡片六一61节日限定礼盒三周年纪念礼盒XR金卡满星卡sp,https://g-search3.alicdn.com/img/bao/uploaded/i4/i2/2398297978/O1CN01gMqil228nyZPYeVSa_!!2398297978.jpg_580x580Q90.jpg_.webp,109.00,300+人付款,浙江 杭州,呦呦奶茶08
122,卡游二周年纪念礼盒版奥特曼卡片金卡两2XR全套SP卡GP卡牌3正版三,https://g-search1.alicdn.com/img/bao/uploaded/i4/i3/2835429585/O1CN01gWN5wZ2Kfz2m1rFEX_!!2835429585.jpg_580x580Q90.jpg_.webp,194.00,500+人付款,江苏 南京,金童年正品奥迪玩具
123,万代PB限定欧布奥特曼 UR欧布圆环 ORB之环22卡 变身器套装升华器,https://g-search2.alicdn.com/img/bao/uploaded/i4/i4/644290238/O1CN01kp7bHw1Dd31OPaZwc_!!0-item_pic.jpg_580x580Q90.jpg_.webp,1048.00,100+人付款,江苏 苏州,张哲典
124,超大奥特曼玩具迪迦赛罗变形超人套装组合早教玩具男孩六一节礼物,https://g-search3.alicdn.com/img/bao/uploaded/i4/i4/2212863207833/O1CN01mujI9027jZ8ffTJj7_!!2212863207833.jpg_580x580Q90.jpg_.webp,49.00,1000+人付款,广东 汕头,tb424644898
125,现货 万代 真骨雕 迪迦奥特曼 力量型 强力型 SHF 迪加 光之巨人,https://g-search3.alicdn.com/img/bao/uploaded/i4/i1/2212947231351/O1CN01GHOdoL1LqnqKq9Y0Z_!!2212947231351-0-picasso.jpg_580x580Q90.jpg_.webp,538.00,200+人付款,重庆,tb1633511086
126,奥特曼头套cosplay迪迦头盔发光道具网红面具环保面罩抖音同款,https://g-search1.alicdn.com/img/bao/uploaded/i4/i4/2212430719975/O1CN01AA4dK62NYbTE67S0O_!!2212430719975.jpg_580x580Q90.jpg_.webp,15.00,1000+人付款,广东 广州,tb111968787
127,发光奥特曼书包幼儿园宝宝1-3-6岁儿童男童5双肩玩具背包生日礼物,https://g-search3.alicdn.com/img/bao/uploaded/i4/i4/1731250045/O1CN01fMWCFS1CCea5Rj64P_!!1731250045.jpg_580x580Q90.jpg_.webp,136.00,800+人付款,广东 广州,tb61848944
128,奥特曼服装迪迦皮套头套头盔面具COS真人可穿戴成人儿童衣服套装,https://g-search2.alicdn.com/img/bao/uploaded/i4/i1/1914019069/O1CN01kaX0k12Grefp4cxWX_!!0-item_pic.jpg_580x580Q90.jpg_.webp,85.00,500+人付款,浙江 宁波,梦里花落知i多少丶
129,卡游奥特曼卡片六一61节日礼盒限定阳焰版礼盒b版xr卡阳炎版A款sp,https://g-search3.alicdn.com/img/bao/uploaded/i4/i3/3404672327/O1CN011WHcLj1T3oP0mCXBC_!!3404672327.jpg_580x580Q90.jpg_.webp,339.00,200+人付款,广东 广州,t_1503816052657_0784
130,正版卡游奥特曼卡片全套卡包3d满星卡牌卡册收集豪华收藏册批发卡,https://g-search1.alicdn.com/img/bao/uploaded/i4/i1/2073186249/O1CN016Zog0Z1w25eFPoWpX_!!0-item_pic.jpg_580x580Q90.jpg_.webp,19.90,4000+人付款,浙江 杭州,朵发母婴专营店
131,奥特曼泰罗怪兽手办软胶玩具正版人偶杰顿艾雷王套装大号儿童男孩,https://g-search3.alicdn.com/img/bao/uploaded/i4/i1/3894886259/O1CN01H2wgNF1w6fZQ2FZAF_!!0-item_pic.jpg_580x580Q90.jpg_.webp,28.00,2000+人付款,广东 汕头,千淘猫母婴专营店
132,奥特曼衣服男童立体夏季短袖套装赛罗迪迦泽塔儿童表演演出服装酷,https://g-search1.alicdn.com/img/bao/uploaded/i4/i4/638831370/O1CN01NXEcFf1LzVMrGVoV2_!!638831370.jpg_580x580Q90.jpg_.webp,169.00,500+人付款,广东 深圳,liguangditan60
133,赛罗特利迦奥特曼超可动银河迪迦捷德初代泰罗赛文人偶套装玩具,https://g-search3.alicdn.com/img/bao/uploaded/i4/i2/2087294201/O1CN01sbPTZo1gu6cVc3hOH_!!0-item_pic.jpg_580x580Q90.jpg_.webp,52.50,1000+人付款,浙江 台州,qat贝强专卖店
134,正版卡游第28弹豪华版奥特曼卡片一整盒片卡包满星盲盒奥特卡牌,https://g-search1.alicdn.com/img/bao/uploaded/i4/i4/916148540/O1CN01poG0OL2CxN9tsSvp1_!!0-item_pic.jpg_580x580Q90.jpg_.webp,59.90,1000+人付款,浙江 杭州,知叶玩具专营店
135,卡游奥特曼卡片三周年纪念大礼盒版二周年XR卡全套卡牌3D收藏册,https://g-search3.alicdn.com/img/bao/uploaded/i4/i4/2837168460/O1CN01TfETyv2CMjT3niCGD_!!2837168460.jpg_580x580Q90.jpg_.webp,199.90,500+人付款,广东 广州,童乐880
136,特利迦奥特曼玩具黄金闪耀形态赛罗迪迦手办关节超可动人偶模型,https://g-search2.alicdn.com/img/bao/uploaded/i4/i3/3165482766/O1CN01e1olJd1WIsGvJsvOt_!!3165482766.png_580x580Q90.jpg_.webp,39.00,2000+人付款,广东 中山,t_1487145422879_0936
137,奥特曼花束7儿童节8生日礼物5岁送男孩3小玩具4男童毕业6幼儿园的,https://g-search2.alicdn.com/img/bao/uploaded/i4/i3/2208600396091/O1CN014g92Lb1urjBVoUg8r_!!0-item_pic.jpg_580x580Q90.jpg_.webp,79.00,1000+人付款,浙江 金华,肯帝菲旗舰店
138,超大号奥特曼玩具套装超人代初六一儿童节特大号男孩手办人偶礼物,https://g-search2.alicdn.com/img/bao/uploaded/i4/i4/2094538233/O1CN019C5s8M2AglZ1OtHK6_!!0-item_pic.jpg_580x580Q90.jpg_.webp,21.90,2000+人付款,广东 汕头,lijian母婴旗舰店
139,万代泽塔奥特曼升华变身器套装中文日文版57617正品专柜行货玩具,https://g.alicdn.com/s.gif,265.00,400+人付款,广东 广州,ghj201466
140,蜘蛛侠衣服男童夏装儿童套装2022新款奥特曼短袖夏季cos男孩服饰,https://g.alicdn.com/s.gif,59.00,1000+人付款,广东 佛山,junyu0730
141,奇怪艺术奥特曼变身棒风扇沙雕礼物送男朋友生日恶搞创意毕业礼品,https://g.alicdn.com/s.gif,33.80,3000+人付款,浙江 绍兴,tb572151754
142,卡游 奥特曼卡片61六一节日限定礼盒大头赛罗HR3D立体卡满星卡牌,https://g.alicdn.com/s.gif,209.00,200+人付款,广东 广州,童乐880
143,卡游奥特曼卡片三周年纪念礼盒限量版黑钻版XR全套正版卡牌3D卡册,https://g.alicdn.com/s.gif,99.90,500+人付款,浙江 金华,坤坤玩具旗舰店
144,一整盒荣耀版奥特曼卡片全套金卡hr3d卡牌满星卡收集藏册正版卡游,https://g.alicdn.com/s.gif,169.90,400+人付款,江苏 无锡,酷品汇母婴专营店
145,万代SHF特利迦奥特曼复合形态新生代迪迦泽塔阿尔法可动模型手办,https://g.alicdn.com/s.gif,258.00,400+人付款,广东 深圳,美雅全球购
146,卡游奥特曼卡片三周年纪念版礼盒儿童卡牌XR玩具3D收藏集册礼物男,https://g.alicdn.com/s.gif,327.90,300+人付款,江苏 无锡,卡动乐玩具专营店
147,【自营】日本BANDAI万代特利迦多关节超可动奥特曼人偶模型玩具,https://g.alicdn.com/s.gif,160.00,100+人付款,浙江 杭州,天猫国际进口超市
148,奥特曼服装大人cos服迪迦儿童衣服成人男孩皮套真人版头套紧身衣,https://g.alicdn.com/s.gif,104.00,400+人付款,浙江 宁波,cong3503
149,正版磁悬浮奥特曼初代迪迦 声光手办 创意生日儿童节礼物日本动漫,https://g.alicdn.com/s.gif,520.00,100+人付款,上海,yan19860802
150,卡游奥特曼卡片2022年61六一限定礼盒三周年纪念礼盒阳焰版AB铁盒,https://g.alicdn.com/s.gif,328.00,200+人付款,广东 广州,乐淘淘童乐玩具店
151,万代奥特生命手环奥特曼手表儿童心跳运动养成迪迦特利迦对战玩具,https://g.alicdn.com/s.gif,55.00,300+人付款,北京,上品折上折
152,【自营】万代特利迦奥特曼变身器神光棒DX火花棱镜带迪迦复合型钥,https://g.alicdn.com/s.gif,479.00,71人付款,浙江 杭州,天猫国际进口超市
153,万代 SHF 真骨雕 迪迦奥特曼 强力型 光之巨人 力量型态 现货,https://g.alicdn.com/s.gif,558.00,100+人付款,上海,牛尔塞斯
154,奥特曼服装男童赛罗cosplay万圣节儿童节服装蜘蛛侠表演服薄套装,https://g.alicdn.com/s.gif,118.00,500+人付款,广东 佛山,简约de简单
155,万代正版57619暗黑泽塔升华器豪华奥特曼变身套装勋章收纳盒玩具,https://g.alicdn.com/s.gif,288.00,300+人付款,湖北 仙桃,贝启玩具专营店
156,儿童正版钢铁飞龙之奥特曼玩具变形魔方变身器手办六一儿童节礼物,https://g.alicdn.com/s.gif,69.00,900+人付款,上海,天猫超市
157,卡游奥特曼卡片两2二周年纪念版礼盒全套三周年6.1儿童节限定卡牌,https://g.alicdn.com/s.gif,239.00,400+人付款,广东 广州,桃色亚当
158,超大号特利迦奥特曼模型可动男孩儿童玩具正版泰迦赛罗人偶1981,https://g.alicdn.com/s.gif,184.00,100+人付款,江苏 徐州,苏宁易购官方旗舰店
159,万代 日版500奥特曼软胶玩具泰赛罗维克特利迪加赛文艾斯超人公仔,https://g-search1.alicdn.com/img/bao/uploaded/i4/i1/2944664768/O1CN01unOP7p1l5n8H6WBpa_!!0-item_pic.jpg_580x580Q90.jpg_.webp,48.00,2人付款,北京,威游旗舰店
160,万代500软胶奥特曼特利迦泽塔迪迦梦比优斯赛罗银河关节可动人偶,https://g-search3.alicdn.com/img/bao/uploaded/i4/i2/2944664768/O1CN01dmoJq21l5n9CDQSyL_!!0-item_pic.jpg_580x580Q90.jpg_.webp,32.00,4人付款,北京,威游旗舰店
161,正版奥特曼卡片阳焰版GP满星卡XR卡泽塔卡牌收藏册卡册礼盒装卡游,https://g-search2.alicdn.com/img/bao/uploaded/i4/i2/693003403/O1CN01mcHj7c1b0cV502gDB_!!0-item_pic.jpg_580x580Q90.jpg_.webp,199.90,500+人付款,江苏 盐城,赵玉全母婴专营店
162,三周年纪念礼盒奥特曼卡片2XR金卡SP生日礼物小孩子卡牌一盒卡游,https://g-search1.alicdn.com/img/bao/uploaded/i4/i2/916148540/O1CN015jJei32CxN8b2l5tc_!!0-item_pic.jpg_580x580Q90.jpg_.webp,327.90,400+人付款,浙江 杭州,知叶玩具专营店
163,卡游奥特曼卡片星云版第四弹4电视卡OR卡满星TGR透明全套卡牌卡册,https://g-search3.alicdn.com/img/bao/uploaded/i4/i4/1030684261/O1CN01nqXeId1hLaObMyCqe_!!0-item_pic.jpg_580x580Q90.jpg_.webp,49.90,1000+人付款,浙江 金华,卡游旗舰店
164,卡游 奥特曼的卡片传奇版第15弹USR卡玩具满星签名卡包卡牌收藏册,https://g-search1.alicdn.com/img/bao/uploaded/i4/i4/1030684261/O1CN01mn6nzp1hLaOfgUi6S_!!0-item_pic.jpg_580x580Q90.jpg_.webp,49.90,1000+人付款,浙江 金华,卡游旗舰店
165,万代SHF奥特曼闪耀终极赛罗特利迦超可动人偶泽塔贝利亚玩具手办,https://g-search3.alicdn.com/img/bao/uploaded/i4/i4/1828565127/O1CN01lA0zTJ1nkDNOAoz5i_!!1828565127.jpg_580x580Q90.jpg_.webp,276.00,200+人付款,浙江 杭州,深海不深1
166,奥特曼卡片三周年纪念礼盒一盒金卡满星卡收集册全套卡牌黑钻版3,https://g-search1.alicdn.com/img/bao/uploaded/i4/i4/2677924409/O1CN01PmWlb41iRMzZrsJec_!!2677924409.jpg_580x580Q90.jpg_.webp,65.00,600+人付款,广东 深圳,红东星168
167,万代 魂限定 SHF赛罗奥特曼 终极闪耀形态帕拉吉之盾可动模型手办,https://g-search2.alicdn.com/img/bao/uploaded/i4/i1/2776095295/O1CN01Hi8ddE1oz9uBug8Zz_!!2776095295.jpg_580x580Q90.jpg_.webp,708.00,100+人付款,广东 深圳,美雅全球购
168,泰罗奥特曼软胶人偶超人手办儿童超大多关节动套装玩偶正版玩具,https://g-search2.alicdn.com/img/bao/uploaded/i4/i1/2441256119/O1CN01R9DrpQ1v4YAeNcvFL_!!2441256119-0-lubanu-s.jpg_580x580Q90.jpg_.webp,39.00,2000+人付款,湖南 长沙,大智想母婴专营店
169,赛罗奥特曼儿童书包小学生男童一二三到六年级护脊减负泽塔背包潮,https://g-search2.alicdn.com/img/bao/uploaded/i4/i1/2790625345/O1CN015L9FId1pM3ipxPVzs_!!2790625345.jpg_580x580Q90.jpg_.webp,95.00,200+人付款,湖南 长沙,包你满意20141203
170,奥特曼卡片荣耀版第15弹14十五代SHR卡游正版收藏册10元满星卡牌,https://g-search2.alicdn.com/img/bao/uploaded/i4/i1/2398297978/O1CN01sD7cd528nyYkFV4Gq_!!2398297978.jpg_580x580Q90.jpg_.webp,99.00,800+人付款,浙江 杭州,呦呦奶茶08
